timeStamp,elapsed,label,responseCode,responseMessage,threadName,dataType,success,failureMessage,bytes,sentBytes,grpThreads,allThreads,URL,Latency,IdleTime,Connect
1569014331280,8,Get - All tasks ,200,,Thread Group 1-1,text,true,,774,165,1,1,http://localhost:9090/tasks,7,0,4
1569014331288,3,Get - Task,200,,Thread Group 1-1,text,true,,348,167,1,1,http://localhost:9090/tasks/1,2,0,0
1569014331291,2,Post - ParentTasks,200,,Thread Group 1-1,text,true,,325,121,1,1,http://localhost:9090/ptasks,2,0,0
1569014331293,3,Post - Task,200,,Thread Group 1-1,text,true,,774,312,1,1,http://localhost:9090/tasks,2,0,0
1569014331296,2,Get - ParentTasks,200,,Thread Group 1-1,text,true,,325,166,1,1,http://localhost:9090/ptasks,2,0,0
1569014331298,4,Get - All tasks ,200,,Thread Group 1-1,text,true,,774,165,1,1,http://localhost:9090/tasks,4,0,1
1569014331302,3,Get - Task,200,,Thread Group 1-1,text,true,,348,167,1,1,http://localhost:9090/tasks/1,2,0,0
1569014331305,2,Post - ParentTasks,200,,Thread Group 1-1,text,true,,325,121,1,1,http://localhost:9090/ptasks,2,0,0
1569014331307,3,Post - Task,200,,Thread Group 1-1,text,true,,774,312,1,1,http://localhost:9090/tasks,3,0,0
1569014331310,2,Get - ParentTasks,200,,Thread Group 1-1,text,true,,325,166,1,1,http://localhost:9090/ptasks,2,0,0
1569014332481,3,Get - All tasks ,200,,Thread Group 1-2,text,true,,774,165,1,1,http://localhost:9090/tasks,3,0,0
1569014332484,2,Get - Task,200,,Thread Group 1-2,text,true,,348,167,1,1,http://localhost:9090/tasks/1,2,0,0
1569014332486,2,Post - ParentTasks,200,,Thread Group 1-2,text,true,,325,121,1,1,http://localhost:9090/ptasks,2,0,0
1569014332488,2,Post - Task,200,,Thread Group 1-2,text,true,,774,312,1,1,http://localhost:9090/tasks,2,0,0
1569014332490,2,Get - ParentTasks,200,,Thread Group 1-2,text,true,,325,166,1,1,http://localhost:9090/ptasks,1,0,0
1569014332492,3,Get - All tasks ,200,,Thread Group 1-2,text,true,,774,165,1,1,http://localhost:9090/tasks,2,0,0
1569014332495,2,Get - Task,200,,Thread Group 1-2,text,true,,348,167,1,1,http://localhost:9090/tasks/1,1,0,0
1569014332497,1,Post - ParentTasks,200,,Thread Group 1-2,text,true,,325,121,1,1,http://localhost:9090/ptasks,1,0,0
1569014332499,2,Post - Task,200,,Thread Group 1-2,text,true,,774,312,1,1,http://localhost:9090/tasks,1,0,0
1569014332501,1,Get - ParentTasks,200,,Thread Group 1-2,text,true,,325,166,1,1,http://localhost:9090/ptasks,1,0,0
1569014333683,9,Get - All tasks ,200,,Thread Group 1-3,text,true,,774,165,1,1,http://localhost:9090/tasks,8,0,2
1569014333692,5,Get - Task,200,,Thread Group 1-3,text,true,,348,167,1,1,http://localhost:9090/tasks/1,5,0,0
1569014333698,4,Post - ParentTasks,200,,Thread Group 1-3,text,true,,325,121,1,1,http://localhost:9090/ptasks,4,0,0
1569014333703,6,Post - Task,200,,Thread Group 1-3,text,true,,774,312,1,1,http://localhost:9090/tasks,5,0,0
1569014333709,5,Get - ParentTasks,200,,Thread Group 1-3,text,true,,325,166,1,1,http://localhost:9090/ptasks,5,0,0
1569014333715,8,Get - All tasks ,200,,Thread Group 1-3,text,true,,774,165,1,1,http://localhost:9090/tasks,7,0,1
1569014333723,6,Get - Task,200,,Thread Group 1-3,text,true,,348,167,1,1,http://localhost:9090/tasks/1,5,0,0
1569014333729,4,Post - ParentTasks,200,,Thread Group 1-3,text,true,,325,121,1,1,http://localhost:9090/ptasks,4,0,0
1569014333734,3,Post - Task,200,,Thread Group 1-3,text,true,,774,312,1,1,http://localhost:9090/tasks,3,0,0
1569014333738,3,Get - ParentTasks,200,,Thread Group 1-3,text,true,,325,166,1,1,http://localhost:9090/ptasks,2,0,0
1569014334894,8,Get - All tasks ,200,,Thread Group 1-4,text,true,,774,165,1,1,http://localhost:9090/tasks,8,0,2
1569014334903,5,Get - Task,200,,Thread Group 1-4,text,true,,348,167,1,1,http://localhost:9090/tasks/1,5,0,0
1569014334909,5,Post - ParentTasks,200,,Thread Group 1-4,text,true,,325,121,1,1,http://localhost:9090/ptasks,5,0,0
1569014334915,6,Post - Task,200,,Thread Group 1-4,text,true,,774,312,1,1,http://localhost:9090/tasks,6,0,0
1569014334922,5,Get - ParentTasks,200,,Thread Group 1-4,text,true,,325,166,1,1,http://localhost:9090/ptasks,4,0,0
1569014334928,6,Get - All tasks ,200,,Thread Group 1-4,text,true,,774,165,1,1,http://localhost:9090/tasks,6,0,1
1569014334935,3,Get - Task,200,,Thread Group 1-4,text,true,,348,167,1,1,http://localhost:9090/tasks/1,2,0,0
1569014334938,3,Post - ParentTasks,200,,Thread Group 1-4,text,true,,325,121,1,1,http://localhost:9090/ptasks,2,0,0
1569014334941,4,Post - Task,200,,Thread Group 1-4,text,true,,774,312,1,1,http://localhost:9090/tasks,3,0,0
1569014334945,4,Get - ParentTasks,200,,Thread Group 1-4,text,true,,325,166,1,1,http://localhost:9090/ptasks,3,0,0
1569014336086,4,Get - All tasks ,200,,Thread Group 1-5,text,true,,774,165,1,1,http://localhost:9090/tasks,4,0,1
1569014336090,2,Get - Task,200,,Thread Group 1-5,text,true,,348,167,1,1,http://localhost:9090/tasks/1,2,0,0
1569014336093,2,Post - ParentTasks,200,,Thread Group 1-5,text,true,,325,121,1,1,http://localhost:9090/ptasks,2,0,0
1569014336095,3,Post - Task,200,,Thread Group 1-5,text,true,,774,312,1,1,http://localhost:9090/tasks,3,0,0
1569014336098,2,Get - ParentTasks,200,,Thread Group 1-5,text,true,,325,166,1,1,http://localhost:9090/ptasks,2,0,0
1569014336101,3,Get - All tasks ,200,,Thread Group 1-5,text,true,,774,165,1,1,http://localhost:9090/tasks,3,0,0
1569014336105,2,Get - Task,200,,Thread Group 1-5,text,true,,348,167,1,1,http://localhost:9090/tasks/1,2,0,0
1569014336107,2,Post - ParentTasks,200,,Thread Group 1-5,text,true,,325,121,1,1,http://localhost:9090/ptasks,2,0,0
1569014336110,3,Post - Task,200,,Thread Group 1-5,text,true,,774,312,1,1,http://localhost:9090/tasks,2,0,0
1569014336113,2,Get - ParentTasks,200,,Thread Group 1-5,text,true,,325,166,1,1,http://localhost:9090/ptasks,2,0,0
1569014337284,10,Get - All tasks ,200,,Thread Group 1-6,text,true,,774,165,1,1,http://localhost:9090/tasks,9,0,2
1569014337294,6,Get - Task,200,,Thread Group 1-6,text,true,,348,167,1,1,http://localhost:9090/tasks/1,5,0,0
1569014337300,5,Post - ParentTasks,200,,Thread Group 1-6,text,true,,325,121,1,1,http://localhost:9090/ptasks,4,0,0
1569014337305,4,Post - Task,200,,Thread Group 1-6,text,true,,774,312,1,1,http://localhost:9090/tasks,4,0,0
1569014337310,4,Get - ParentTasks,200,,Thread Group 1-6,text,true,,325,166,1,1,http://localhost:9090/ptasks,3,0,0
1569014337314,7,Get - All tasks ,200,,Thread Group 1-6,text,true,,774,165,1,1,http://localhost:9090/tasks,6,0,1
1569014337321,4,Get - Task,200,,Thread Group 1-6,text,true,,348,167,1,1,http://localhost:9090/tasks/1,3,0,0
1569014337325,5,Post - ParentTasks,200,,Thread Group 1-6,text,true,,325,121,1,1,http://localhost:9090/ptasks,4,0,0
1569014337330,3,Post - Task,200,,Thread Group 1-6,text,true,,774,312,1,1,http://localhost:9090/tasks,3,0,0
1569014337333,2,Get - ParentTasks,200,,Thread Group 1-6,text,true,,325,166,1,1,http://localhost:9090/ptasks,2,0,0
1569014338484,5,Get - All tasks ,200,,Thread Group 1-7,text,true,,774,165,1,1,http://localhost:9090/tasks,4,0,1
1569014338489,3,Get - Task,200,,Thread Group 1-7,text,true,,348,167,1,1,http://localhost:9090/tasks/1,3,0,0
1569014338492,3,Post - ParentTasks,200,,Thread Group 1-7,text,true,,325,121,1,1,http://localhost:9090/ptasks,2,0,0
1569014338495,3,Post - Task,200,,Thread Group 1-7,text,true,,774,312,1,1,http://localhost:9090/tasks,3,0,0
1569014338498,2,Get - ParentTasks,200,,Thread Group 1-7,text,true,,325,166,1,1,http://localhost:9090/ptasks,2,0,0
1569014338501,4,Get - All tasks ,200,,Thread Group 1-7,text,true,,774,165,1,1,http://localhost:9090/tasks,4,0,1
1569014338505,2,Get - Task,200,,Thread Group 1-7,text,true,,348,167,1,1,http://localhost:9090/tasks/1,2,0,0
1569014338508,2,Post - ParentTasks,200,,Thread Group 1-7,text,true,,325,121,1,1,http://localhost:9090/ptasks,1,0,0
1569014338510,3,Post - Task,200,,Thread Group 1-7,text,true,,774,312,1,1,http://localhost:9090/tasks,2,0,0
1569014338513,2,Get - ParentTasks,200,,Thread Group 1-7,text,true,,325,166,1,1,http://localhost:9090/ptasks,2,0,0
1569014339667,7,Get - All tasks ,200,,Thread Group 1-8,text,true,,774,165,1,1,http://localhost:9090/tasks,7,0,1
1569014339674,4,Get - Task,200,,Thread Group 1-8,text,true,,348,167,1,1,http://localhost:9090/tasks/1,4,0,0
1569014339679,3,Post - ParentTasks,200,,Thread Group 1-8,text,true,,325,121,1,1,http://localhost:9090/ptasks,2,0,0
1569014339682,4,Post - Task,200,,Thread Group 1-8,text,true,,774,312,1,1,http://localhost:9090/tasks,4,0,0
1569014339686,4,Get - ParentTasks,200,,Thread Group 1-8,text,true,,325,166,1,1,http://localhost:9090/ptasks,3,0,0
1569014339690,5,Get - All tasks ,200,,Thread Group 1-8,text,true,,774,165,1,1,http://localhost:9090/tasks,5,0,1
1569014339696,3,Get - Task,200,,Thread Group 1-8,text,true,,348,167,1,1,http://localhost:9090/tasks/1,3,0,0
1569014339700,2,Post - ParentTasks,200,,Thread Group 1-8,text,true,,325,121,1,1,http://localhost:9090/ptasks,2,0,0
1569014339703,2,Post - Task,200,,Thread Group 1-8,text,true,,774,312,1,1,http://localhost:9090/tasks,2,0,0
1569014339705,2,Get - ParentTasks,200,,Thread Group 1-8,text,true,,325,166,1,1,http://localhost:9090/ptasks,2,0,0
1569014340886,9,Get - All tasks ,200,,Thread Group 1-9,text,true,,774,165,1,1,http://localhost:9090/tasks,8,0,1
1569014340895,6,Get - Task,200,,Thread Group 1-9,text,true,,348,167,1,1,http://localhost:9090/tasks/1,5,0,0
1569014340901,4,Post - ParentTasks,200,,Thread Group 1-9,text,true,,325,121,1,1,http://localhost:9090/ptasks,4,0,0
1569014340906,3,Post - Task,200,,Thread Group 1-9,text,true,,774,312,1,1,http://localhost:9090/tasks,3,0,0
1569014340910,3,Get - ParentTasks,200,,Thread Group 1-9,text,true,,325,166,1,1,http://localhost:9090/ptasks,3,0,0
1569014340913,6,Get - All tasks ,200,,Thread Group 1-9,text,true,,774,165,1,1,http://localhost:9090/tasks,5,0,1
1569014340919,3,Get - Task,200,,Thread Group 1-9,text,true,,348,167,1,1,http://localhost:9090/tasks/1,3,0,0
1569014340923,3,Post - ParentTasks,200,,Thread Group 1-9,text,true,,325,121,1,1,http://localhost:9090/ptasks,2,0,0
1569014340926,4,Post - Task,200,,Thread Group 1-9,text,true,,774,312,1,1,http://localhost:9090/tasks,4,0,0
1569014340930,3,Get - ParentTasks,200,,Thread Group 1-9,text,true,,325,166,1,1,http://localhost:9090/ptasks,3,0,0
1569014342067,5,Get - All tasks ,200,,Thread Group 1-10,text,true,,774,165,1,1,http://localhost:9090/tasks,5,0,1
1569014342072,2,Get - Task,200,,Thread Group 1-10,text,true,,348,167,1,1,http://localhost:9090/tasks/1,2,0,0
1569014342074,2,Post - ParentTasks,200,,Thread Group 1-10,text,true,,325,121,1,1,http://localhost:9090/ptasks,2,0,0
1569014342076,3,Post - Task,200,,Thread Group 1-10,text,true,,774,312,1,1,http://localhost:9090/tasks,3,0,0
1569014342079,2,Get - ParentTasks,200,,Thread Group 1-10,text,true,,325,166,1,1,http://localhost:9090/ptasks,2,0,0
1569014342081,4,Get - All tasks ,200,,Thread Group 1-10,text,true,,774,165,1,1,http://localhost:9090/tasks,4,0,1
1569014342085,2,Get - Task,200,,Thread Group 1-10,text,true,,348,167,1,1,http://localhost:9090/tasks/1,2,0,0
1569014342087,3,Post - ParentTasks,200,,Thread Group 1-10,text,true,,325,121,1,1,http://localhost:9090/ptasks,2,0,0
1569014342090,2,Post - Task,200,,Thread Group 1-10,text,true,,774,312,1,1,http://localhost:9090/tasks,2,0,0
1569014342092,4,Get - ParentTasks,200,,Thread Group 1-10,text,true,,325,166,1,1,http://localhost:9090/ptasks,4,0,0
1569014343288,9,Get - All tasks ,200,,Thread Group 1-11,text,true,,774,165,1,1,http://localhost:9090/tasks,9,0,2
1569014343298,5,Get - Task,200,,Thread Group 1-11,text,true,,348,167,1,1,http://localhost:9090/tasks/1,5,0,0
1569014343304,3,Post - ParentTasks,200,,Thread Group 1-11,text,true,,325,121,1,1,http://localhost:9090/ptasks,2,0,0
1569014343307,3,Post - Task,200,,Thread Group 1-11,text,true,,774,312,1,1,http://localhost:9090/tasks,3,0,0
1569014343311,5,Get - ParentTasks,200,,Thread Group 1-11,text,true,,325,166,1,1,http://localhost:9090/ptasks,4,0,0
1569014343316,6,Get - All tasks ,200,,Thread Group 1-11,text,true,,774,165,1,1,http://localhost:9090/tasks,6,0,2
1569014343322,3,Get - Task,200,,Thread Group 1-11,text,true,,348,167,1,1,http://localhost:9090/tasks/1,3,0,0
1569014343326,2,Post - ParentTasks,200,,Thread Group 1-11,text,true,,325,121,1,1,http://localhost:9090/ptasks,2,0,0
1569014343329,3,Post - Task,200,,Thread Group 1-11,text,true,,774,312,1,1,http://localhost:9090/tasks,3,0,0
1569014343332,2,Get - ParentTasks,200,,Thread Group 1-11,text,true,,325,166,1,1,http://localhost:9090/ptasks,2,0,0
1569014344486,5,Get - All tasks ,200,,Thread Group 1-12,text,true,,774,165,1,1,http://localhost:9090/tasks,5,0,1
1569014344491,2,Get - Task,200,,Thread Group 1-12,text,true,,348,167,1,1,http://localhost:9090/tasks/1,2,0,0
1569014344494,2,Post - ParentTasks,200,,Thread Group 1-12,text,true,,325,121,1,1,http://localhost:9090/ptasks,2,0,0
1569014344496,3,Post - Task,200,,Thread Group 1-12,text,true,,774,312,1,1,http://localhost:9090/tasks,3,0,0
1569014344499,2,Get - ParentTasks,200,,Thread Group 1-12,text,true,,325,166,1,1,http://localhost:9090/ptasks,2,0,0
1569014344502,4,Get - All tasks ,200,,Thread Group 1-12,text,true,,774,165,1,1,http://localhost:9090/tasks,3,0,0
1569014344506,2,Get - Task,200,,Thread Group 1-12,text,true,,348,167,1,1,http://localhost:9090/tasks/1,2,0,0
1569014344508,3,Post - ParentTasks,200,,Thread Group 1-12,text,true,,325,121,1,1,http://localhost:9090/ptasks,3,0,0
1569014344511,3,Post - Task,200,,Thread Group 1-12,text,true,,774,312,1,1,http://localhost:9090/tasks,3,0,0
1569014344514,3,Get - ParentTasks,200,,Thread Group 1-12,text,true,,325,166,1,1,http://localhost:9090/ptasks,2,0,0
1569014345669,8,Get - All tasks ,200,,Thread Group 1-13,text,true,,774,165,1,1,http://localhost:9090/tasks,8,0,1
1569014345678,5,Get - Task,200,,Thread Group 1-13,text,true,,348,167,1,1,http://localhost:9090/tasks/1,5,0,0
1569014345684,5,Post - ParentTasks,200,,Thread Group 1-13,text,true,,325,121,1,1,http://localhost:9090/ptasks,4,0,0
1569014345689,6,Post - Task,200,,Thread Group 1-13,text,true,,774,312,1,1,http://localhost:9090/tasks,6,0,0
1569014345695,5,Get - ParentTasks,200,,Thread Group 1-13,text,true,,325,166,1,1,http://localhost:9090/ptasks,5,0,0
1569014345701,5,Get - All tasks ,200,,Thread Group 1-13,text,true,,774,165,1,1,http://localhost:9090/tasks,5,0,1
1569014345707,3,Get - Task,200,,Thread Group 1-13,text,true,,348,167,1,1,http://localhost:9090/tasks/1,3,0,0
1569014345710,3,Post - ParentTasks,200,,Thread Group 1-13,text,true,,325,121,1,1,http://localhost:9090/ptasks,3,0,0
1569014345713,4,Post - Task,200,,Thread Group 1-13,text,true,,774,312,1,1,http://localhost:9090/tasks,4,0,0
1569014345717,3,Get - ParentTasks,200,,Thread Group 1-13,text,true,,325,166,1,1,http://localhost:9090/ptasks,3,0,0
1569014346885,9,Get - All tasks ,200,,Thread Group 1-14,text,true,,774,165,1,1,http://localhost:9090/tasks,9,0,2
1569014346895,6,Get - Task,200,,Thread Group 1-14,text,true,,348,167,1,1,http://localhost:9090/tasks/1,5,0,0
1569014346901,3,Post - ParentTasks,200,,Thread Group 1-14,text,true,,325,121,1,1,http://localhost:9090/ptasks,3,0,0
1569014346904,4,Post - Task,200,,Thread Group 1-14,text,true,,774,312,1,1,http://localhost:9090/tasks,3,0,0
1569014346908,3,Get - ParentTasks,200,,Thread Group 1-14,text,true,,325,166,1,1,http://localhost:9090/ptasks,3,0,0
1569014346911,5,Get - All tasks ,200,,Thread Group 1-14,text,true,,774,165,1,1,http://localhost:9090/tasks,5,0,1
1569014346916,3,Get - Task,200,,Thread Group 1-14,text,true,,348,167,1,1,http://localhost:9090/tasks/1,3,0,0
1569014346919,3,Post - ParentTasks,200,,Thread Group 1-14,text,true,,325,121,1,1,http://localhost:9090/ptasks,3,0,0
1569014346923,3,Post - Task,200,,Thread Group 1-14,text,true,,774,312,1,1,http://localhost:9090/tasks,3,0,0
1569014346926,3,Get - ParentTasks,200,,Thread Group 1-14,text,true,,325,166,1,1,http://localhost:9090/ptasks,3,0,0
1569014348067,10,Get - All tasks ,200,,Thread Group 1-15,text,true,,774,165,1,1,http://localhost:9090/tasks,9,0,1
1569014348077,6,Get - Task,200,,Thread Group 1-15,text,true,,348,167,1,1,http://localhost:9090/tasks/1,5,0,0
1569014348083,6,Post - ParentTasks,200,,Thread Group 1-15,text,true,,325,121,1,1,http://localhost:9090/ptasks,5,0,0
1569014348089,7,Post - Task,200,,Thread Group 1-15,text,true,,774,312,1,1,http://localhost:9090/tasks,7,0,0
1569014348097,5,Get - ParentTasks,200,,Thread Group 1-15,text,true,,325,166,1,1,http://localhost:9090/ptasks,5,0,0
1569014348103,4,Get - All tasks ,200,,Thread Group 1-15,text,true,,774,165,1,1,http://localhost:9090/tasks,4,0,1
1569014348108,2,Get - Task,200,,Thread Group 1-15,text,true,,348,167,1,1,http://localhost:9090/tasks/1,2,0,0
1569014348111,3,Post - ParentTasks,200,,Thread Group 1-15,text,true,,325,121,1,1,http://localhost:9090/ptasks,2,0,0
1569014348114,3,Post - Task,200,,Thread Group 1-15,text,true,,774,312,1,1,http://localhost:9090/tasks,3,0,0
1569014348117,2,Get - ParentTasks,200,,Thread Group 1-15,text,true,,325,166,1,1,http://localhost:9090/ptasks,2,0,0
1569014349284,11,Get - All tasks ,200,,Thread Group 1-16,text,true,,774,165,1,1,http://localhost:9090/tasks,11,0,2
1569014349296,6,Get - Task,200,,Thread Group 1-16,text,true,,348,167,1,1,http://localhost:9090/tasks/1,6,0,0
1569014349303,3,Post - ParentTasks,200,,Thread Group 1-16,text,true,,325,121,1,1,http://localhost:9090/ptasks,3,0,0
1569014349306,4,Post - Task,200,,Thread Group 1-16,text,true,,774,312,1,1,http://localhost:9090/tasks,3,0,0
1569014349310,3,Get - ParentTasks,200,,Thread Group 1-16,text,true,,325,166,1,1,http://localhost:9090/ptasks,2,0,0
1569014349313,4,Get - All tasks ,200,,Thread Group 1-16,text,true,,774,165,1,1,http://localhost:9090/tasks,4,0,1
1569014349317,3,Get - Task,200,,Thread Group 1-16,text,true,,348,167,1,1,http://localhost:9090/tasks/1,2,0,0
1569014349320,2,Post - ParentTasks,200,,Thread Group 1-16,text,true,,325,121,1,1,http://localhost:9090/ptasks,2,0,0
1569014349322,3,Post - Task,200,,Thread Group 1-16,text,true,,774,312,1,1,http://localhost:9090/tasks,3,0,0
1569014349325,3,Get - ParentTasks,200,,Thread Group 1-16,text,true,,325,166,1,1,http://localhost:9090/ptasks,3,0,0
1569014350467,4,Get - All tasks ,200,,Thread Group 1-17,text,true,,774,165,1,1,http://localhost:9090/tasks,4,0,1
1569014350471,3,Get - Task,200,,Thread Group 1-17,text,true,,348,167,1,1,http://localhost:9090/tasks/1,3,0,0
1569014350474,2,Post - ParentTasks,200,,Thread Group 1-17,text,true,,325,121,1,1,http://localhost:9090/ptasks,2,0,0
1569014350476,3,Post - Task,200,,Thread Group 1-17,text,true,,774,312,1,1,http://localhost:9090/tasks,3,0,0
1569014350480,2,Get - ParentTasks,200,,Thread Group 1-17,text,true,,325,166,1,1,http://localhost:9090/ptasks,2,0,0
1569014350482,4,Get - All tasks ,200,,Thread Group 1-17,text,true,,774,165,1,1,http://localhost:9090/tasks,4,0,1
1569014350486,3,Get - Task,200,,Thread Group 1-17,text,true,,348,167,1,1,http://localhost:9090/tasks/1,2,0,0
1569014350489,2,Post - ParentTasks,200,,Thread Group 1-17,text,true,,325,121,1,1,http://localhost:9090/ptasks,2,0,0
1569014350491,3,Post - Task,200,,Thread Group 1-17,text,true,,774,312,1,1,http://localhost:9090/tasks,3,0,0
1569014350494,3,Get - ParentTasks,200,,Thread Group 1-17,text,true,,325,166,1,1,http://localhost:9090/ptasks,2,0,0
1569014351666,3,Get - All tasks ,200,,Thread Group 1-18,text,true,,774,165,1,1,http://localhost:9090/tasks,3,0,1
1569014351670,2,Get - Task,200,,Thread Group 1-18,text,true,,348,167,1,1,http://localhost:9090/tasks/1,2,0,0
1569014351672,2,Post - ParentTasks,200,,Thread Group 1-18,text,true,,325,121,1,1,http://localhost:9090/ptasks,2,0,0
1569014351674,3,Post - Task,200,,Thread Group 1-18,text,true,,774,312,1,1,http://localhost:9090/tasks,3,0,0
1569014351677,3,Get - ParentTasks,200,,Thread Group 1-18,text,true,,325,166,1,1,http://localhost:9090/ptasks,3,0,0
1569014351680,25,Get - All tasks ,200,,Thread Group 1-18,text,true,,774,165,1,1,http://localhost:9090/tasks,25,0,1
1569014351705,3,Get - Task,200,,Thread Group 1-18,text,true,,348,167,1,1,http://localhost:9090/tasks/1,3,0,0
1569014351708,2,Post - ParentTasks,200,,Thread Group 1-18,text,true,,325,121,1,1,http://localhost:9090/ptasks,2,0,0
1569014351711,2,Post - Task,200,,Thread Group 1-18,text,true,,774,312,1,1,http://localhost:9090/tasks,2,0,0
1569014351714,3,Get - ParentTasks,200,,Thread Group 1-18,text,true,,325,166,1,1,http://localhost:9090/ptasks,3,0,0
1569014352884,10,Get - All tasks ,200,,Thread Group 1-19,text,true,,774,165,1,1,http://localhost:9090/tasks,9,0,2
1569014352894,5,Get - Task,200,,Thread Group 1-19,text,true,,348,167,1,1,http://localhost:9090/tasks/1,5,0,0
1569014352900,5,Post - ParentTasks,200,,Thread Group 1-19,text,true,,325,121,1,1,http://localhost:9090/ptasks,4,0,0
1569014352905,7,Post - Task,200,,Thread Group 1-19,text,true,,774,312,1,1,http://localhost:9090/tasks,6,0,0
1569014352912,6,Get - ParentTasks,200,,Thread Group 1-19,text,true,,325,166,1,1,http://localhost:9090/ptasks,5,0,0
1569014352919,9,Get - All tasks ,200,,Thread Group 1-19,text,true,,774,165,1,1,http://localhost:9090/tasks,8,0,2
1569014352928,5,Get - Task,200,,Thread Group 1-19,text,true,,348,167,1,1,http://localhost:9090/tasks/1,5,0,0
1569014352933,3,Post - ParentTasks,200,,Thread Group 1-19,text,true,,325,121,1,1,http://localhost:9090/ptasks,3,0,0
1569014352936,4,Post - Task,200,,Thread Group 1-19,text,true,,774,312,1,1,http://localhost:9090/tasks,4,0,0
1569014352940,3,Get - ParentTasks,200,,Thread Group 1-19,text,true,,325,166,1,1,http://localhost:9090/ptasks,3,0,0
1569014354083,5,Get - All tasks ,200,,Thread Group 1-20,text,true,,774,165,1,1,http://localhost:9090/tasks,5,0,1
1569014354089,3,Get - Task,200,,Thread Group 1-20,text,true,,348,167,1,1,http://localhost:9090/tasks/1,3,0,0
1569014354092,4,Post - ParentTasks,200,,Thread Group 1-20,text,true,,325,121,1,1,http://localhost:9090/ptasks,3,0,0
1569014354096,4,Post - Task,200,,Thread Group 1-20,text,true,,774,312,1,1,http://localhost:9090/tasks,3,0,0
1569014354100,3,Get - ParentTasks,200,,Thread Group 1-20,text,true,,325,166,1,1,http://localhost:9090/ptasks,3,0,0
1569014354104,5,Get - All tasks ,200,,Thread Group 1-20,text,true,,774,165,1,1,http://localhost:9090/tasks,5,0,1
1569014354109,5,Get - Task,200,,Thread Group 1-20,text,true,,348,167,1,1,http://localhost:9090/tasks/1,4,0,0
1569014354114,4,Post - ParentTasks,200,,Thread Group 1-20,text,true,,325,121,1,1,http://localhost:9090/ptasks,4,0,0
1569014354118,4,Post - Task,200,,Thread Group 1-20,text,true,,774,312,1,1,http://localhost:9090/tasks,4,0,0
1569014354123,3,Get - ParentTasks,200,,Thread Group 1-20,text,true,,325,166,1,1,http://localhost:9090/ptasks,2,0,0
1569014355285,10,Get - All tasks ,200,,Thread Group 1-21,text,true,,774,165,1,1,http://localhost:9090/tasks,10,0,2
1569014355296,8,Get - Task,200,,Thread Group 1-21,text,true,,348,167,1,1,http://localhost:9090/tasks/1,7,0,0
1569014355304,8,Post - ParentTasks,200,,Thread Group 1-21,text,true,,325,121,1,1,http://localhost:9090/ptasks,7,0,0
1569014355313,20,Post - Task,200,,Thread Group 1-21,text,true,,774,312,1,1,http://localhost:9090/tasks,20,0,0
1569014355334,8,Get - ParentTasks,200,,Thread Group 1-21,text,true,,325,166,1,1,http://localhost:9090/ptasks,7,0,0
1569014355343,12,Get - All tasks ,200,,Thread Group 1-21,text,true,,774,165,1,1,http://localhost:9090/tasks,11,0,1
1569014355355,13,Get - Task,200,,Thread Group 1-21,text,true,,348,167,1,1,http://localhost:9090/tasks/1,12,0,0
1569014355368,9,Post - ParentTasks,200,,Thread Group 1-21,text,true,,325,121,1,1,http://localhost:9090/ptasks,8,0,0
1569014355408,11,Post - Task,200,,Thread Group 1-21,text,true,,774,312,1,1,http://localhost:9090/tasks,10,0,0
1569014355419,8,Get - ParentTasks,200,,Thread Group 1-21,text,true,,325,166,1,1,http://localhost:9090/ptasks,7,0,0
1569014356483,5,Get - All tasks ,200,,Thread Group 1-22,text,true,,774,165,1,1,http://localhost:9090/tasks,4,0,1
1569014356488,2,Get - Task,200,,Thread Group 1-22,text,true,,348,167,1,1,http://localhost:9090/tasks/1,2,0,0
1569014356490,3,Post - ParentTasks,200,,Thread Group 1-22,text,true,,325,121,1,1,http://localhost:9090/ptasks,2,0,0
1569014356493,3,Post - Task,200,,Thread Group 1-22,text,true,,774,312,1,1,http://localhost:9090/tasks,2,0,0
1569014356496,2,Get - ParentTasks,200,,Thread Group 1-22,text,true,,325,166,1,1,http://localhost:9090/ptasks,2,0,0
1569014356498,4,Get - All tasks ,200,,Thread Group 1-22,text,true,,774,165,1,1,http://localhost:9090/tasks,4,0,1
1569014356502,3,Get - Task,200,,Thread Group 1-22,text,true,,348,167,1,1,http://localhost:9090/tasks/1,2,0,0
1569014356505,2,Post - ParentTasks,200,,Thread Group 1-22,text,true,,325,121,1,1,http://localhost:9090/ptasks,2,0,0
1569014356507,3,Post - Task,200,,Thread Group 1-22,text,true,,774,312,1,1,http://localhost:9090/tasks,3,0,0
1569014356511,2,Get - ParentTasks,200,,Thread Group 1-22,text,true,,325,166,1,1,http://localhost:9090/ptasks,2,0,0
1569014357685,8,Get - All tasks ,200,,Thread Group 1-23,text,true,,774,165,1,1,http://localhost:9090/tasks,7,0,1
1569014357693,6,Get - Task,200,,Thread Group 1-23,text,true,,348,167,1,1,http://localhost:9090/tasks/1,6,0,0
1569014357700,6,Post - ParentTasks,200,,Thread Group 1-23,text,true,,325,121,1,1,http://localhost:9090/ptasks,6,0,0
1569014357707,4,Post - Task,200,,Thread Group 1-23,text,true,,774,312,1,1,http://localhost:9090/tasks,4,0,0
1569014357711,3,Get - ParentTasks,200,,Thread Group 1-23,text,true,,325,166,1,1,http://localhost:9090/ptasks,3,0,0
1569014357714,5,Get - All tasks ,200,,Thread Group 1-23,text,true,,774,165,1,1,http://localhost:9090/tasks,4,0,1
1569014357719,5,Get - Task,200,,Thread Group 1-23,text,true,,348,167,1,1,http://localhost:9090/tasks/1,4,0,0
1569014357724,3,Post - ParentTasks,200,,Thread Group 1-23,text,true,,325,121,1,1,http://localhost:9090/ptasks,2,0,0
1569014357727,4,Post - Task,200,,Thread Group 1-23,text,true,,774,312,1,1,http://localhost:9090/tasks,3,0,0
1569014357731,3,Get - ParentTasks,200,,Thread Group 1-23,text,true,,325,166,1,1,http://localhost:9090/ptasks,3,0,0
1569014358866,4,Get - All tasks ,200,,Thread Group 1-24,text,true,,774,165,1,1,http://localhost:9090/tasks,4,0,1
1569014358871,2,Get - Task,200,,Thread Group 1-24,text,true,,348,167,1,1,http://localhost:9090/tasks/1,2,0,0
1569014358873,2,Post - ParentTasks,200,,Thread Group 1-24,text,true,,325,121,1,1,http://localhost:9090/ptasks,2,0,0
1569014358875,2,Post - Task,200,,Thread Group 1-24,text,true,,774,312,1,1,http://localhost:9090/tasks,2,0,0
1569014358878,2,Get - ParentTasks,200,,Thread Group 1-24,text,true,,325,166,1,1,http://localhost:9090/ptasks,1,0,0
1569014358880,3,Get - All tasks ,200,,Thread Group 1-24,text,true,,774,165,1,1,http://localhost:9090/tasks,3,0,0
1569014358883,2,Get - Task,200,,Thread Group 1-24,text,true,,348,167,1,1,http://localhost:9090/tasks/1,2,0,0
1569014358885,2,Post - ParentTasks,200,,Thread Group 1-24,text,true,,325,121,1,1,http://localhost:9090/ptasks,2,0,0
1569014358887,3,Post - Task,200,,Thread Group 1-24,text,true,,774,312,1,1,http://localhost:9090/tasks,3,0,0
1569014358890,2,Get - ParentTasks,200,,Thread Group 1-24,text,true,,325,166,1,1,http://localhost:9090/ptasks,2,0,0
1569014360082,3,Get - All tasks ,200,,Thread Group 1-25,text,true,,774,165,1,1,http://localhost:9090/tasks,3,0,0
1569014360085,4,Get - Task,200,,Thread Group 1-25,text,true,,348,167,1,1,http://localhost:9090/tasks/1,3,0,0
1569014360089,1,Post - ParentTasks,200,,Thread Group 1-25,text,true,,325,121,1,1,http://localhost:9090/ptasks,1,0,0
1569014360091,2,Post - Task,200,,Thread Group 1-25,text,true,,774,312,1,1,http://localhost:9090/tasks,2,0,0
1569014360093,2,Get - ParentTasks,200,,Thread Group 1-25,text,true,,325,166,1,1,http://localhost:9090/ptasks,2,0,0
1569014360095,3,Get - All tasks ,200,,Thread Group 1-25,text,true,,774,165,1,1,http://localhost:9090/tasks,3,0,1
1569014360098,3,Get - Task,200,,Thread Group 1-25,text,true,,348,167,1,1,http://localhost:9090/tasks/1,2,0,0
1569014360101,2,Post - ParentTasks,200,,Thread Group 1-25,text,true,,325,121,1,1,http://localhost:9090/ptasks,2,0,0
1569014360103,3,Post - Task,200,,Thread Group 1-25,text,true,,774,312,1,1,http://localhost:9090/tasks,3,0,0
1569014360106,2,Get - ParentTasks,200,,Thread Group 1-25,text,true,,325,166,1,1,http://localhost:9090/ptasks,2,0,0
1569014361282,6,Get - All tasks ,200,,Thread Group 1-26,text,true,,774,165,1,1,http://localhost:9090/tasks,6,0,1
1569014361289,3,Get - Task,200,,Thread Group 1-26,text,true,,348,167,1,1,http://localhost:9090/tasks/1,3,0,0
1569014361292,4,Post - ParentTasks,200,,Thread Group 1-26,text,true,,325,121,1,1,http://localhost:9090/ptasks,3,0,0
1569014361296,4,Post - Task,200,,Thread Group 1-26,text,true,,774,312,1,1,http://localhost:9090/tasks,4,0,0
1569014361301,3,Get - ParentTasks,200,,Thread Group 1-26,text,true,,325,166,1,1,http://localhost:9090/ptasks,3,0,0
1569014361304,8,Get - All tasks ,200,,Thread Group 1-26,text,true,,774,165,1,1,http://localhost:9090/tasks,7,0,3
1569014361320,4,Get - Task,200,,Thread Group 1-26,text,true,,348,167,1,1,http://localhost:9090/tasks/1,3,0,0
1569014361324,4,Post - ParentTasks,200,,Thread Group 1-26,text,true,,325,121,1,1,http://localhost:9090/ptasks,3,0,0
1569014361344,2,Post - Task,200,,Thread Group 1-26,text,true,,774,312,1,1,http://localhost:9090/tasks,2,0,0
1569014361346,3,Get - ParentTasks,200,,Thread Group 1-26,text,true,,325,166,1,1,http://localhost:9090/ptasks,2,0,0
1569014362483,4,Get - All tasks ,200,,Thread Group 1-27,text,true,,774,165,1,1,http://localhost:9090/tasks,4,0,1
1569014362488,2,Get - Task,200,,Thread Group 1-27,text,true,,348,167,1,1,http://localhost:9090/tasks/1,2,0,0
1569014362490,3,Post - ParentTasks,200,,Thread Group 1-27,text,true,,325,121,1,1,http://localhost:9090/ptasks,2,0,0
1569014362493,3,Post - Task,200,,Thread Group 1-27,text,true,,774,312,1,1,http://localhost:9090/tasks,3,0,0
1569014362497,4,Get - ParentTasks,200,,Thread Group 1-27,text,true,,325,166,1,1,http://localhost:9090/ptasks,4,0,0
1569014362501,6,Get - All tasks ,200,,Thread Group 1-27,text,true,,774,165,1,1,http://localhost:9090/tasks,6,0,1
1569014362507,3,Get - Task,200,,Thread Group 1-27,text,true,,348,167,1,1,http://localhost:9090/tasks/1,3,0,0
1569014362511,2,Post - ParentTasks,200,,Thread Group 1-27,text,true,,325,121,1,1,http://localhost:9090/ptasks,2,0,0
1569014362513,3,Post - Task,200,,Thread Group 1-27,text,true,,774,312,1,1,http://localhost:9090/tasks,3,0,0
1569014362517,3,Get - ParentTasks,200,,Thread Group 1-27,text,true,,325,166,1,1,http://localhost:9090/ptasks,2,0,0
1569014363682,4,Get - All tasks ,200,,Thread Group 1-28,text,true,,774,165,1,1,http://localhost:9090/tasks,3,0,1
1569014363686,2,Get - Task,200,,Thread Group 1-28,text,true,,348,167,1,1,http://localhost:9090/tasks/1,2,0,0
1569014363688,2,Post - ParentTasks,200,,Thread Group 1-28,text,true,,325,121,1,1,http://localhost:9090/ptasks,2,0,0
1569014363690,3,Post - Task,200,,Thread Group 1-28,text,true,,774,312,1,1,http://localhost:9090/tasks,3,0,0
1569014363693,2,Get - ParentTasks,200,,Thread Group 1-28,text,true,,325,166,1,1,http://localhost:9090/ptasks,2,0,0
1569014363695,3,Get - All tasks ,200,,Thread Group 1-28,text,true,,774,165,1,1,http://localhost:9090/tasks,3,0,1
1569014363698,3,Get - Task,200,,Thread Group 1-28,text,true,,348,167,1,1,http://localhost:9090/tasks/1,2,0,0
1569014363701,2,Post - ParentTasks,200,,Thread Group 1-28,text,true,,325,121,1,1,http://localhost:9090/ptasks,2,0,0
1569014363703,3,Post - Task,200,,Thread Group 1-28,text,true,,774,312,1,1,http://localhost:9090/tasks,2,0,0
1569014363706,2,Get - ParentTasks,200,,Thread Group 1-28,text,true,,325,166,1,1,http://localhost:9090/ptasks,2,0,0
1569014364883,9,Get - All tasks ,200,,Thread Group 1-29,text,true,,774,165,1,1,http://localhost:9090/tasks,8,0,1
1569014364892,5,Get - Task,200,,Thread Group 1-29,text,true,,348,167,1,1,http://localhost:9090/tasks/1,5,0,0
1569014364898,5,Post - ParentTasks,200,,Thread Group 1-29,text,true,,325,121,1,1,http://localhost:9090/ptasks,5,0,0
1569014364904,6,Post - Task,200,,Thread Group 1-29,text,true,,774,312,1,1,http://localhost:9090/tasks,5,0,0
1569014364910,5,Get - ParentTasks,200,,Thread Group 1-29,text,true,,325,166,1,1,http://localhost:9090/ptasks,5,0,0
1569014364916,9,Get - All tasks ,200,,Thread Group 1-29,text,true,,774,165,1,1,http://localhost:9090/tasks,8,0,2
1569014364925,5,Get - Task,200,,Thread Group 1-29,text,true,,348,167,1,1,http://localhost:9090/tasks/1,5,0,0
1569014364931,5,Post - ParentTasks,200,,Thread Group 1-29,text,true,,325,121,1,1,http://localhost:9090/ptasks,4,0,0
1569014364936,6,Post - Task,200,,Thread Group 1-29,text,true,,774,312,1,1,http://localhost:9090/tasks,6,0,0
1569014364943,5,Get - ParentTasks,200,,Thread Group 1-29,text,true,,325,166,1,1,http://localhost:9090/ptasks,4,0,0
1569014366070,8,Get - All tasks ,200,,Thread Group 1-30,text,true,,774,165,1,1,http://localhost:9090/tasks,7,0,1
1569014366078,5,Get - Task,200,,Thread Group 1-30,text,true,,348,167,1,1,http://localhost:9090/tasks/1,5,0,0
1569014366084,5,Post - ParentTasks,200,,Thread Group 1-30,text,true,,325,121,1,1,http://localhost:9090/ptasks,5,0,0
1569014366090,6,Post - Task,200,,Thread Group 1-30,text,true,,774,312,1,1,http://localhost:9090/tasks,5,0,0
1569014366096,6,Get - ParentTasks,200,,Thread Group 1-30,text,true,,325,166,1,1,http://localhost:9090/ptasks,5,0,0
1569014366102,5,Get - All tasks ,200,,Thread Group 1-30,text,true,,774,165,1,1,http://localhost:9090/tasks,5,0,1
1569014366107,3,Get - Task,200,,Thread Group 1-30,text,true,,348,167,1,1,http://localhost:9090/tasks/1,3,0,0
1569014366111,3,Post - ParentTasks,200,,Thread Group 1-30,text,true,,325,121,1,1,http://localhost:9090/ptasks,3,0,0
1569014366114,4,Post - Task,200,,Thread Group 1-30,text,true,,774,312,1,1,http://localhost:9090/tasks,4,0,0
1569014366119,3,Get - ParentTasks,200,,Thread Group 1-30,text,true,,325,166,1,1,http://localhost:9090/ptasks,2,0,0
1569014367282,6,Get - All tasks ,200,,Thread Group 1-31,text,true,,774,165,1,1,http://localhost:9090/tasks,6,0,1
1569014367289,3,Get - Task,200,,Thread Group 1-31,text,true,,348,167,1,1,http://localhost:9090/tasks/1,3,0,0
1569014367292,4,Post - ParentTasks,200,,Thread Group 1-31,text,true,,325,121,1,1,http://localhost:9090/ptasks,4,0,0
1569014367296,4,Post - Task,200,,Thread Group 1-31,text,true,,774,312,1,1,http://localhost:9090/tasks,4,0,0
1569014367301,3,Get - ParentTasks,200,,Thread Group 1-31,text,true,,325,166,1,1,http://localhost:9090/ptasks,3,0,0
1569014367305,5,Get - All tasks ,200,,Thread Group 1-31,text,true,,774,165,1,1,http://localhost:9090/tasks,5,0,1
1569014367311,3,Get - Task,200,,Thread Group 1-31,text,true,,348,167,1,1,http://localhost:9090/tasks/1,3,0,0
1569014367315,3,Post - ParentTasks,200,,Thread Group 1-31,text,true,,325,121,1,1,http://localhost:9090/ptasks,3,0,0
1569014367319,4,Post - Task,200,,Thread Group 1-31,text,true,,774,312,1,1,http://localhost:9090/tasks,4,0,0
1569014367323,4,Get - ParentTasks,200,,Thread Group 1-31,text,true,,325,166,1,1,http://localhost:9090/ptasks,4,0,0
1569014368481,4,Get - All tasks ,200,,Thread Group 1-32,text,true,,774,165,1,1,http://localhost:9090/tasks,4,0,1
1569014368485,3,Get - Task,200,,Thread Group 1-32,text,true,,348,167,1,1,http://localhost:9090/tasks/1,3,0,0
1569014368488,3,Post - ParentTasks,200,,Thread Group 1-32,text,true,,325,121,1,1,http://localhost:9090/ptasks,2,0,0
1569014368491,3,Post - Task,200,,Thread Group 1-32,text,true,,774,312,1,1,http://localhost:9090/tasks,3,0,0
1569014368494,2,Get - ParentTasks,200,,Thread Group 1-32,text,true,,325,166,1,1,http://localhost:9090/ptasks,2,0,0
1569014368497,4,Get - All tasks ,200,,Thread Group 1-32,text,true,,774,165,1,1,http://localhost:9090/tasks,3,0,0
1569014368501,2,Get - Task,200,,Thread Group 1-32,text,true,,348,167,1,1,http://localhost:9090/tasks/1,2,0,0
1569014368503,3,Post - ParentTasks,200,,Thread Group 1-32,text,true,,325,121,1,1,http://localhost:9090/ptasks,2,0,0
1569014368506,3,Post - Task,200,,Thread Group 1-32,text,true,,774,312,1,1,http://localhost:9090/tasks,2,0,0
1569014368509,2,Get - ParentTasks,200,,Thread Group 1-32,text,true,,325,166,1,1,http://localhost:9090/ptasks,2,0,0
1569014369667,9,Get - All tasks ,200,,Thread Group 1-33,text,true,,774,165,1,1,http://localhost:9090/tasks,8,0,2
1569014369676,5,Get - Task,200,,Thread Group 1-33,text,true,,348,167,1,1,http://localhost:9090/tasks/1,5,0,0
1569014369682,5,Post - ParentTasks,200,,Thread Group 1-33,text,true,,325,121,1,1,http://localhost:9090/ptasks,4,0,0
1569014369687,6,Post - Task,200,,Thread Group 1-33,text,true,,774,312,1,1,http://localhost:9090/tasks,6,0,0
1569014369694,5,Get - ParentTasks,200,,Thread Group 1-33,text,true,,325,166,1,1,http://localhost:9090/ptasks,4,0,0
1569014369699,6,Get - All tasks ,200,,Thread Group 1-33,text,true,,774,165,1,1,http://localhost:9090/tasks,6,0,2
1569014369706,3,Get - Task,200,,Thread Group 1-33,text,true,,348,167,1,1,http://localhost:9090/tasks/1,3,0,0
1569014369709,3,Post - ParentTasks,200,,Thread Group 1-33,text,true,,325,121,1,1,http://localhost:9090/ptasks,3,0,0
1569014369713,3,Post - Task,200,,Thread Group 1-33,text,true,,774,312,1,1,http://localhost:9090/tasks,3,0,0
1569014369717,3,Get - ParentTasks,200,,Thread Group 1-33,text,true,,325,166,1,1,http://localhost:9090/ptasks,2,0,0
1569014370880,3,Get - All tasks ,200,,Thread Group 1-34,text,true,,774,165,1,1,http://localhost:9090/tasks,3,0,0
1569014370883,4,Get - Task,200,,Thread Group 1-34,text,true,,348,167,1,1,http://localhost:9090/tasks/1,3,0,0
1569014370887,2,Post - ParentTasks,200,,Thread Group 1-34,text,true,,325,121,1,1,http://localhost:9090/ptasks,2,0,0
1569014370889,2,Post - Task,200,,Thread Group 1-34,text,true,,774,312,1,1,http://localhost:9090/tasks,2,0,0
1569014370891,2,Get - ParentTasks,200,,Thread Group 1-34,text,true,,325,166,1,1,http://localhost:9090/ptasks,2,0,0
1569014370893,4,Get - All tasks ,200,,Thread Group 1-34,text,true,,774,165,1,1,http://localhost:9090/tasks,3,0,1
1569014370897,2,Get - Task,200,,Thread Group 1-34,text,true,,348,167,1,1,http://localhost:9090/tasks/1,2,0,0
1569014370899,2,Post - ParentTasks,200,,Thread Group 1-34,text,true,,325,121,1,1,http://localhost:9090/ptasks,2,0,0
1569014370901,2,Post - Task,200,,Thread Group 1-34,text,true,,774,312,1,1,http://localhost:9090/tasks,2,0,0
1569014370904,1,Get - ParentTasks,200,,Thread Group 1-34,text,true,,325,166,1,1,http://localhost:9090/ptasks,1,0,0
1569014372067,9,Get - All tasks ,200,,Thread Group 1-35,text,true,,774,165,1,1,http://localhost:9090/tasks,9,0,2
1569014372076,6,Get - Task,200,,Thread Group 1-35,text,true,,348,167,1,1,http://localhost:9090/tasks/1,5,0,0
1569014372082,5,Post - ParentTasks,200,,Thread Group 1-35,text,true,,325,121,1,1,http://localhost:9090/ptasks,5,0,0
1569014372087,7,Post - Task,200,,Thread Group 1-35,text,true,,774,312,1,1,http://localhost:9090/tasks,6,0,0
1569014372094,6,Get - ParentTasks,200,,Thread Group 1-35,text,true,,325,166,1,1,http://localhost:9090/ptasks,5,0,0
1569014372101,5,Get - All tasks ,200,,Thread Group 1-35,text,true,,774,165,1,1,http://localhost:9090/tasks,5,0,1
1569014372106,3,Get - Task,200,,Thread Group 1-35,text,true,,348,167,1,1,http://localhost:9090/tasks/1,3,0,0
1569014372109,3,Post - ParentTasks,200,,Thread Group 1-35,text,true,,325,121,1,1,http://localhost:9090/ptasks,3,0,0
1569014372112,4,Post - Task,200,,Thread Group 1-35,text,true,,774,312,1,1,http://localhost:9090/tasks,4,0,0
1569014372116,3,Get - ParentTasks,200,,Thread Group 1-35,text,true,,325,166,1,1,http://localhost:9090/ptasks,3,0,0
1569014373282,11,Get - All tasks ,200,,Thread Group 1-36,text,true,,774,165,1,1,http://localhost:9090/tasks,10,0,2
1569014373294,5,Get - Task,200,,Thread Group 1-36,text,true,,348,167,1,1,http://localhost:9090/tasks/1,5,0,0
1569014373300,4,Post - ParentTasks,200,,Thread Group 1-36,text,true,,325,121,1,1,http://localhost:9090/ptasks,4,0,0
1569014373305,3,Post - Task,200,,Thread Group 1-36,text,true,,774,312,1,1,http://localhost:9090/tasks,3,0,0
1569014373308,4,Get - ParentTasks,200,,Thread Group 1-36,text,true,,325,166,1,1,http://localhost:9090/ptasks,3,0,0
1569014373312,5,Get - All tasks ,200,,Thread Group 1-36,text,true,,774,165,1,1,http://localhost:9090/tasks,5,0,1
1569014373317,3,Get - Task,200,,Thread Group 1-36,text,true,,348,167,1,1,http://localhost:9090/tasks/1,3,0,0
1569014373320,3,Post - ParentTasks,200,,Thread Group 1-36,text,true,,325,121,1,1,http://localhost:9090/ptasks,3,0,0
1569014373323,4,Post - Task,200,,Thread Group 1-36,text,true,,774,312,1,1,http://localhost:9090/tasks,3,0,0
1569014373327,3,Get - ParentTasks,200,,Thread Group 1-36,text,true,,325,166,1,1,http://localhost:9090/ptasks,3,0,0
1569014374467,5,Get - All tasks ,200,,Thread Group 1-37,text,true,,774,165,1,1,http://localhost:9090/tasks,4,0,1
1569014374472,2,Get - Task,200,,Thread Group 1-37,text,true,,348,167,1,1,http://localhost:9090/tasks/1,2,0,0
1569014374475,2,Post - ParentTasks,200,,Thread Group 1-37,text,true,,325,121,1,1,http://localhost:9090/ptasks,2,0,0
1569014374477,4,Post - Task,200,,Thread Group 1-37,text,true,,774,312,1,1,http://localhost:9090/tasks,4,0,0
1569014374481,3,Get - ParentTasks,200,,Thread Group 1-37,text,true,,325,166,1,1,http://localhost:9090/ptasks,2,0,0
1569014374484,4,Get - All tasks ,200,,Thread Group 1-37,text,true,,774,165,1,1,http://localhost:9090/tasks,4,0,1
1569014374488,3,Get - Task,200,,Thread Group 1-37,text,true,,348,167,1,1,http://localhost:9090/tasks/1,3,0,0
1569014374492,2,Post - ParentTasks,200,,Thread Group 1-37,text,true,,325,121,1,1,http://localhost:9090/ptasks,2,0,0
1569014374494,3,Post - Task,200,,Thread Group 1-37,text,true,,774,312,1,1,http://localhost:9090/tasks,3,0,0
1569014374497,3,Get - ParentTasks,200,,Thread Group 1-37,text,true,,325,166,1,1,http://localhost:9090/ptasks,3,0,0
1569014375668,8,Get - All tasks ,200,,Thread Group 1-38,text,true,,774,165,1,1,http://localhost:9090/tasks,8,0,1
1569014375677,6,Get - Task,200,,Thread Group 1-38,text,true,,348,167,1,1,http://localhost:9090/tasks/1,5,0,0
1569014375683,5,Post - ParentTasks,200,,Thread Group 1-38,text,true,,325,121,1,1,http://localhost:9090/ptasks,4,0,0
1569014375688,6,Post - Task,200,,Thread Group 1-38,text,true,,774,312,1,1,http://localhost:9090/tasks,6,0,0
1569014375695,5,Get - ParentTasks,200,,Thread Group 1-38,text,true,,325,166,1,1,http://localhost:9090/ptasks,4,0,0
1569014375701,5,Get - All tasks ,200,,Thread Group 1-38,text,true,,774,165,1,1,http://localhost:9090/tasks,5,0,1
1569014375707,3,Get - Task,200,,Thread Group 1-38,text,true,,348,167,1,1,http://localhost:9090/tasks/1,3,0,0
1569014375710,3,Post - ParentTasks,200,,Thread Group 1-38,text,true,,325,121,1,1,http://localhost:9090/ptasks,3,0,0
1569014375714,4,Post - Task,200,,Thread Group 1-38,text,true,,774,312,1,1,http://localhost:9090/tasks,3,0,0
1569014375718,3,Get - ParentTasks,200,,Thread Group 1-38,text,true,,325,166,1,1,http://localhost:9090/ptasks,3,0,0
1569014376881,8,Get - All tasks ,200,,Thread Group 1-39,text,true,,774,165,1,1,http://localhost:9090/tasks,7,0,1
1569014376889,7,Get - Task,200,,Thread Group 1-39,text,true,,348,167,1,1,http://localhost:9090/tasks/1,6,0,0
1569014376896,5,Post - ParentTasks,200,,Thread Group 1-39,text,true,,325,121,1,1,http://localhost:9090/ptasks,4,0,0
1569014376902,4,Post - Task,200,,Thread Group 1-39,text,true,,774,312,1,1,http://localhost:9090/tasks,4,0,0
1569014376906,4,Get - ParentTasks,200,,Thread Group 1-39,text,true,,325,166,1,1,http://localhost:9090/ptasks,4,0,0
1569014376910,7,Get - All tasks ,200,,Thread Group 1-39,text,true,,774,165,1,1,http://localhost:9090/tasks,6,0,1
1569014376917,4,Get - Task,200,,Thread Group 1-39,text,true,,348,167,1,1,http://localhost:9090/tasks/1,4,0,0
1569014376921,4,Post - ParentTasks,200,,Thread Group 1-39,text,true,,325,121,1,1,http://localhost:9090/ptasks,3,0,0
1569014376925,5,Post - Task,200,,Thread Group 1-39,text,true,,774,312,1,1,http://localhost:9090/tasks,4,0,0
1569014376930,4,Get - ParentTasks,200,,Thread Group 1-39,text,true,,325,166,1,1,http://localhost:9090/ptasks,3,0,0
1569014378068,9,Get - All tasks ,200,,Thread Group 1-40,text,true,,774,165,1,1,http://localhost:9090/tasks,8,0,1
1569014378077,5,Get - Task,200,,Thread Group 1-40,text,true,,348,167,1,1,http://localhost:9090/tasks/1,4,0,0
1569014378082,5,Post - ParentTasks,200,,Thread Group 1-40,text,true,,325,121,1,1,http://localhost:9090/ptasks,5,0,0
1569014378088,6,Post - Task,200,,Thread Group 1-40,text,true,,774,312,1,1,http://localhost:9090/tasks,5,0,0
1569014378094,5,Get - ParentTasks,200,,Thread Group 1-40,text,true,,325,166,1,1,http://localhost:9090/ptasks,5,0,0
1569014378100,5,Get - All tasks ,200,,Thread Group 1-40,text,true,,774,165,1,1,http://localhost:9090/tasks,5,0,1
1569014378105,3,Get - Task,200,,Thread Group 1-40,text,true,,348,167,1,1,http://localhost:9090/tasks/1,3,0,0
1569014378108,3,Post - ParentTasks,200,,Thread Group 1-40,text,true,,325,121,1,1,http://localhost:9090/ptasks,2,0,0
1569014378111,3,Post - Task,200,,Thread Group 1-40,text,true,,774,312,1,1,http://localhost:9090/tasks,3,0,0
1569014378114,3,Get - ParentTasks,200,,Thread Group 1-40,text,true,,325,166,1,1,http://localhost:9090/ptasks,3,0,0
1569014379267,3,Get - All tasks ,200,,Thread Group 1-41,text,true,,774,165,1,1,http://localhost:9090/tasks,3,0,0
1569014379271,2,Get - Task,200,,Thread Group 1-41,text,true,,348,167,1,1,http://localhost:9090/tasks/1,1,0,0
1569014379273,2,Post - ParentTasks,200,,Thread Group 1-41,text,true,,325,121,1,1,http://localhost:9090/ptasks,1,0,0
1569014379275,2,Post - Task,200,,Thread Group 1-41,text,true,,774,312,1,1,http://localhost:9090/tasks,2,0,0
1569014379277,2,Get - ParentTasks,200,,Thread Group 1-41,text,true,,325,166,1,1,http://localhost:9090/ptasks,2,0,0
1569014379279,3,Get - All tasks ,200,,Thread Group 1-41,text,true,,774,165,1,1,http://localhost:9090/tasks,3,0,1
1569014379283,2,Get - Task,200,,Thread Group 1-41,text,true,,348,167,1,1,http://localhost:9090/tasks/1,1,0,0
1569014379285,2,Post - ParentTasks,200,,Thread Group 1-41,text,true,,325,121,1,1,http://localhost:9090/ptasks,1,0,0
1569014379287,2,Post - Task,200,,Thread Group 1-41,text,true,,774,312,1,1,http://localhost:9090/tasks,2,0,0
1569014379289,2,Get - ParentTasks,200,,Thread Group 1-41,text,true,,325,166,1,1,http://localhost:9090/ptasks,2,0,0
1569014380466,5,Get - All tasks ,200,,Thread Group 1-42,text,true,,774,165,1,1,http://localhost:9090/tasks,5,0,1
1569014380471,3,Get - Task,200,,Thread Group 1-42,text,true,,348,167,1,1,http://localhost:9090/tasks/1,2,0,0
1569014380474,2,Post - ParentTasks,200,,Thread Group 1-42,text,true,,325,121,1,1,http://localhost:9090/ptasks,2,0,0
1569014380476,3,Post - Task,200,,Thread Group 1-42,text,true,,774,312,1,1,http://localhost:9090/tasks,3,0,0
1569014380480,2,Get - ParentTasks,200,,Thread Group 1-42,text,true,,325,166,1,1,http://localhost:9090/ptasks,2,0,0
1569014380482,4,Get - All tasks ,200,,Thread Group 1-42,text,true,,774,165,1,1,http://localhost:9090/tasks,4,0,1
1569014380486,3,Get - Task,200,,Thread Group 1-42,text,true,,348,167,1,1,http://localhost:9090/tasks/1,3,0,0
1569014380489,3,Post - ParentTasks,200,,Thread Group 1-42,text,true,,325,121,1,1,http://localhost:9090/ptasks,3,0,0
1569014380492,3,Post - Task,200,,Thread Group 1-42,text,true,,774,312,1,1,http://localhost:9090/tasks,3,0,0
1569014380495,3,Get - ParentTasks,200,,Thread Group 1-42,text,true,,325,166,1,1,http://localhost:9090/ptasks,2,0,0
1569014381666,3,Get - All tasks ,200,,Thread Group 1-43,text,true,,774,165,1,1,http://localhost:9090/tasks,3,0,0
1569014381669,2,Get - Task,200,,Thread Group 1-43,text,true,,348,167,1,1,http://localhost:9090/tasks/1,2,0,0
1569014381671,2,Post - ParentTasks,200,,Thread Group 1-43,text,true,,325,121,1,1,http://localhost:9090/ptasks,2,0,0
1569014381673,3,Post - Task,200,,Thread Group 1-43,text,true,,774,312,1,1,http://localhost:9090/tasks,3,0,0
1569014381676,2,Get - ParentTasks,200,,Thread Group 1-43,text,true,,325,166,1,1,http://localhost:9090/ptasks,2,0,0
1569014381678,4,Get - All tasks ,200,,Thread Group 1-43,text,true,,774,165,1,1,http://localhost:9090/tasks,4,0,1
1569014381682,2,Get - Task,200,,Thread Group 1-43,text,true,,348,167,1,1,http://localhost:9090/tasks/1,2,0,0
1569014381684,2,Post - ParentTasks,200,,Thread Group 1-43,text,true,,325,121,1,1,http://localhost:9090/ptasks,2,0,0
1569014381686,3,Post - Task,200,,Thread Group 1-43,text,true,,774,312,1,1,http://localhost:9090/tasks,3,0,0
1569014381689,2,Get - ParentTasks,200,,Thread Group 1-43,text,true,,325,166,1,1,http://localhost:9090/ptasks,2,0,0
1569014382866,4,Get - All tasks ,200,,Thread Group 1-44,text,true,,774,165,1,1,http://localhost:9090/tasks,4,0,1
1569014382870,2,Get - Task,200,,Thread Group 1-44,text,true,,348,167,1,1,http://localhost:9090/tasks/1,2,0,0
1569014382872,2,Post - ParentTasks,200,,Thread Group 1-44,text,true,,325,121,1,1,http://localhost:9090/ptasks,2,0,0
1569014382875,2,Post - Task,200,,Thread Group 1-44,text,true,,774,312,1,1,http://localhost:9090/tasks,2,0,0
1569014382878,1,Get - ParentTasks,200,,Thread Group 1-44,text,true,,325,166,1,1,http://localhost:9090/ptasks,1,0,0
1569014382880,3,Get - All tasks ,200,,Thread Group 1-44,text,true,,774,165,1,1,http://localhost:9090/tasks,3,0,0
1569014382883,2,Get - Task,200,,Thread Group 1-44,text,true,,348,167,1,1,http://localhost:9090/tasks/1,2,0,0
1569014382886,1,Post - ParentTasks,200,,Thread Group 1-44,text,true,,325,121,1,1,http://localhost:9090/ptasks,1,0,0
1569014382888,2,Post - Task,200,,Thread Group 1-44,text,true,,774,312,1,1,http://localhost:9090/tasks,2,0,0
1569014382890,2,Get - ParentTasks,200,,Thread Group 1-44,text,true,,325,166,1,1,http://localhost:9090/ptasks,2,0,0
1569014384065,4,Get - All tasks ,200,,Thread Group 1-45,text,true,,774,165,1,1,http://localhost:9090/tasks,4,0,1
1569014384070,2,Get - Task,200,,Thread Group 1-45,text,true,,348,167,1,1,http://localhost:9090/tasks/1,2,0,0
1569014384072,2,Post - ParentTasks,200,,Thread Group 1-45,text,true,,325,121,1,1,http://localhost:9090/ptasks,2,0,0
1569014384074,2,Post - Task,200,,Thread Group 1-45,text,true,,774,312,1,1,http://localhost:9090/tasks,2,0,0
1569014384077,2,Get - ParentTasks,200,,Thread Group 1-45,text,true,,325,166,1,1,http://localhost:9090/ptasks,2,0,0
1569014384079,3,Get - All tasks ,200,,Thread Group 1-45,text,true,,774,165,1,1,http://localhost:9090/tasks,3,0,0
1569014384082,2,Get - Task,200,,Thread Group 1-45,text,true,,348,167,1,1,http://localhost:9090/tasks/1,2,0,0
1569014384084,3,Post - ParentTasks,200,,Thread Group 1-45,text,true,,325,121,1,1,http://localhost:9090/ptasks,2,0,0
1569014384087,2,Post - Task,200,,Thread Group 1-45,text,true,,774,312,1,1,http://localhost:9090/tasks,2,0,0
1569014384089,2,Get - ParentTasks,200,,Thread Group 1-45,text,true,,325,166,1,1,http://localhost:9090/ptasks,2,0,0
1569014385279,4,Get - All tasks ,200,,Thread Group 1-46,text,true,,774,165,1,1,http://localhost:9090/tasks,4,0,1
1569014385283,2,Get - Task,200,,Thread Group 1-46,text,true,,348,167,1,1,http://localhost:9090/tasks/1,2,0,0
1569014385286,2,Post - ParentTasks,200,,Thread Group 1-46,text,true,,325,121,1,1,http://localhost:9090/ptasks,1,0,0
1569014385288,3,Post - Task,200,,Thread Group 1-46,text,true,,774,312,1,1,http://localhost:9090/tasks,2,0,0
1569014385291,2,Get - ParentTasks,200,,Thread Group 1-46,text,true,,325,166,1,1,http://localhost:9090/ptasks,2,0,0
1569014385293,4,Get - All tasks ,200,,Thread Group 1-46,text,true,,774,165,1,1,http://localhost:9090/tasks,4,0,1
1569014385297,2,Get - Task,200,,Thread Group 1-46,text,true,,348,167,1,1,http://localhost:9090/tasks/1,2,0,0
1569014385300,2,Post - ParentTasks,200,,Thread Group 1-46,text,true,,325,121,1,1,http://localhost:9090/ptasks,2,0,0
1569014385302,3,Post - Task,200,,Thread Group 1-46,text,true,,774,312,1,1,http://localhost:9090/tasks,3,0,0
1569014385305,3,Get - ParentTasks,200,,Thread Group 1-46,text,true,,325,166,1,1,http://localhost:9090/ptasks,2,0,0
1569014386466,4,Get - All tasks ,200,,Thread Group 1-47,text,true,,774,165,1,1,http://localhost:9090/tasks,4,0,1
1569014386470,3,Get - Task,200,,Thread Group 1-47,text,true,,348,167,1,1,http://localhost:9090/tasks/1,2,0,0
1569014386473,2,Post - ParentTasks,200,,Thread Group 1-47,text,true,,325,121,1,1,http://localhost:9090/ptasks,2,0,0
1569014386475,3,Post - Task,200,,Thread Group 1-47,text,true,,774,312,1,1,http://localhost:9090/tasks,3,0,0
1569014386479,2,Get - ParentTasks,200,,Thread Group 1-47,text,true,,325,166,1,1,http://localhost:9090/ptasks,2,0,0
1569014386481,4,Get - All tasks ,200,,Thread Group 1-47,text,true,,774,165,1,1,http://localhost:9090/tasks,4,0,1
1569014386485,3,Get - Task,200,,Thread Group 1-47,text,true,,348,167,1,1,http://localhost:9090/tasks/1,2,0,0
1569014386488,2,Post - ParentTasks,200,,Thread Group 1-47,text,true,,325,121,1,1,http://localhost:9090/ptasks,2,0,0
1569014386490,3,Post - Task,200,,Thread Group 1-47,text,true,,774,312,1,1,http://localhost:9090/tasks,3,0,0
1569014386493,2,Get - ParentTasks,200,,Thread Group 1-47,text,true,,325,166,1,1,http://localhost:9090/ptasks,2,0,0
1569014387679,9,Get - All tasks ,200,,Thread Group 1-48,text,true,,774,165,1,1,http://localhost:9090/tasks,8,0,1
1569014387688,5,Get - Task,200,,Thread Group 1-48,text,true,,348,167,1,1,http://localhost:9090/tasks/1,4,0,0
1569014387693,5,Post - ParentTasks,200,,Thread Group 1-48,text,true,,325,121,1,1,http://localhost:9090/ptasks,4,0,0
1569014387699,6,Post - Task,200,,Thread Group 1-48,text,true,,774,312,1,1,http://localhost:9090/tasks,5,0,0
1569014387705,4,Get - ParentTasks,200,,Thread Group 1-48,text,true,,325,166,1,1,http://localhost:9090/ptasks,3,0,0
1569014387709,6,Get - All tasks ,200,,Thread Group 1-48,text,true,,774,165,1,1,http://localhost:9090/tasks,5,0,1
1569014387715,4,Get - Task,200,,Thread Group 1-48,text,true,,348,167,1,1,http://localhost:9090/tasks/1,4,0,0
1569014387720,3,Post - ParentTasks,200,,Thread Group 1-48,text,true,,325,121,1,1,http://localhost:9090/ptasks,3,0,0
1569014387723,5,Post - Task,200,,Thread Group 1-48,text,true,,774,312,1,1,http://localhost:9090/tasks,4,0,0
1569014387728,3,Get - ParentTasks,200,,Thread Group 1-48,text,true,,325,166,1,1,http://localhost:9090/ptasks,3,0,0
1569014388867,9,Get - All tasks ,200,,Thread Group 1-49,text,true,,774,165,1,1,http://localhost:9090/tasks,8,0,2
1569014388876,4,Get - Task,200,,Thread Group 1-49,text,true,,348,167,1,1,http://localhost:9090/tasks/1,4,0,0
1569014388880,4,Post - ParentTasks,200,,Thread Group 1-49,text,true,,325,121,1,1,http://localhost:9090/ptasks,3,0,0
1569014388884,6,Post - Task,200,,Thread Group 1-49,text,true,,774,312,1,1,http://localhost:9090/tasks,5,0,0
1569014388890,8,Get - ParentTasks,200,,Thread Group 1-49,text,true,,325,166,1,1,http://localhost:9090/ptasks,8,0,0
1569014388899,9,Get - All tasks ,200,,Thread Group 1-49,text,true,,774,165,1,1,http://localhost:9090/tasks,9,0,1
1569014388909,2,Get - Task,200,,Thread Group 1-49,text,true,,348,167,1,1,http://localhost:9090/tasks/1,1,0,0
1569014388911,2,Post - ParentTasks,200,,Thread Group 1-49,text,true,,325,121,1,1,http://localhost:9090/ptasks,1,0,0
1569014388923,2,Post - Task,200,,Thread Group 1-49,text,true,,774,312,1,1,http://localhost:9090/tasks,2,0,0
1569014388926,2,Get - ParentTasks,200,,Thread Group 1-49,text,true,,325,166,1,1,http://localhost:9090/ptasks,2,0,0
1569014390078,9,Get - All tasks ,200,,Thread Group 1-50,text,true,,774,165,1,1,http://localhost:9090/tasks,9,0,2
1569014390088,5,Get - Task,200,,Thread Group 1-50,text,true,,348,167,1,1,http://localhost:9090/tasks/1,4,0,0
1569014390093,5,Post - ParentTasks,200,,Thread Group 1-50,text,true,,325,121,1,1,http://localhost:9090/ptasks,5,0,0
1569014390099,6,Post - Task,200,,Thread Group 1-50,text,true,,774,312,1,1,http://localhost:9090/tasks,6,0,0
1569014390106,5,Get - ParentTasks,200,,Thread Group 1-50,text,true,,325,166,1,1,http://localhost:9090/ptasks,4,0,0
1569014390111,9,Get - All tasks ,200,,Thread Group 1-50,text,true,,774,165,1,1,http://localhost:9090/tasks,8,0,2
1569014390120,6,Get - Task,200,,Thread Group 1-50,text,true,,348,167,1,1,http://localhost:9090/tasks/1,5,0,0
1569014390126,6,Post - ParentTasks,200,,Thread Group 1-50,text,true,,325,121,1,1,http://localhost:9090/ptasks,5,0,0
1569014390132,4,Post - Task,200,,Thread Group 1-50,text,true,,774,312,1,1,http://localhost:9090/tasks,4,0,0
1569014390136,3,Get - ParentTasks,200,,Thread Group 1-50,text,true,,325,166,1,1,http://localhost:9090/ptasks,3,0,0
